ID,Title,Date,Slug,Content_Length_Chars
2335,"Darmgesundheit. Wenn du innerlich nichts mehr verdauen kannst",2025-12-04 15:36:23,"darmgesundheit-wenn-du-innerlich-nichts-mehr-verdauen-kannst",30565
2373,"Jahresrückblick 2025: Vom Funktionieren ins bewusste Gestalten",2026-01-17 17:07:22,"jahresrueckblick-2025",57515
2421,"7 Gründe, warum ich Netzwerken und echte Begegnung liebe",2026-03-18 14:48:56,"7-gruende-warum-ich-netzwerken-und-echte-begegnung-liebe",26418
2429,"Mein Motto für 2026: Freude am Leben",2026-01-19 14:59:47,"mein-motto-fuer-2026-heisst-freude-am-leben",10011
2711,"Warum dein Nervensystem dauerhaft unter Strom steht und was Händigkeit damit zu tun hat",2026-03-28 12:06:38,"warum-dein-nervensystem-dauerhaft-unter-strom-steht-und-was-haendigkeit-damit-zu-tun-hat",16838
3099,"Meine To-Want-Liste für das 1. Quartal 2026",2026-01-21 12:09:34,"meine-to-want-liste-fuer-das-1-quartal-2026",5500
3249,"Gehen wir in Resonanz?💃👑💎",2026-01-29 13:03:09,"gehen-wir-in-resonanz%f0%9f%92%83%f0%9f%91%91%f0%9f%92%8e",1594
3254,"Hormongleichgewicht bei Frauen: Essenzielle Bedürfnisse des Körpers",2026-03-06 12:06:40,"hormongleichgewicht-bei-frauen",27850
3508,"Spät-Mutter und Wiedereinstieg ins Berufsleben – warum du mehr Trümpfe in der Hand hast, als du denkst",2026-04-16 13:45:35,"spaet-mutter-und-wiedereinstieg-ins-berufsleben",21506
3636,"Du schläfst 8 Stunden und bist trotzdem müde? Holy Moly, dein Körper will dir etwas sagen",2026-03-05 12:53:17,"du-schlaefst-8-stunden-und-bist-trotzdem-muede",17564
3697,"Ostern ohne Stress. 7 schnelle Überraschungen für Kinder, wenn du null Energie hast",2026-03-09 10:11:51,"ostern-ohne-stress-7-schnelle-ueberraschungen-fuer-kinder-wenn-du-null-energie-hast",19018
3733,"10 Selbstgemachte Energie-Gummibärli Rezepte mit Vitaminen statt Kaffee",2026-03-11 10:57:38,"10-selbstgemachte-energie-gummbaerli-rezepte-mit-vitaminen-statt-kaffee",31636
3845,"Früher doof, heute super: Warum ich Nahrungsergänzungsmittel heute mit anderen Augen sehe",2026-03-17 16:54:49,"frueher-doof-heute-super-warum-ich-nahrungsergaenzungsmittel-heute-mit-anderen-augen-sehe",21223
3924,"4 Wege, wie wir 2026 zusammenarbeiten können – auch wenn du null Zeit, null Energie und null Lust aufs Verkaufen hast",2026-03-19 19:19:08,"4-wege-wie-wir-2026-zusammenarbeiten-koennen",18670
3977,"Passt das ganzheitliche Konzept zu mir? Ein ehrlicher Überblick für Mütter ohne Zeit",2026-03-19 17:46:56,"passt-das-ganzheitliche-konzept-zu-mir",33903
4161,"Erschöpft im Business? Dein Darm weiß die Antwort",2026-03-28 12:07:21,"erschoepft-im-business-dein-darm-weiss-die-antwort",11675
4249,"Erschöpft bis in die Zellen. Was Mitochondrien mit deiner täglichen Müdigkeit zu tun haben",2026-04-29 13:18:04,"erschoepft-bis-in-die-zellen-was-mitochondrien-mit-deiner-taeglichen-muedigkeit-zu-tun-haben",16105
